,date,city,state,winscore,losscore,loser,winner,locale,TSU score,opponent score,scorediff,scorediff_abs,winloss,attendance,TSUrushyards,TSUreceiveyards,TSUkreturnyards,TSUpreturnyards,TSUtackles,TSUtackleyd,TSUsacks,TSUsackyd,TSUpunt,opponent,gametype,year,TSU score_new,opponent score_new,scorediff_new,scorediff_abs_new,attendance_new,TSUrushyards_new,TSUreceiveyards_new,TSUkreturnyards_new,TSUpreturnyards_new,TSUtackleyd_new,TSUsacks_new,TSUsackyd_new,TSUpunt_new
0,2003-08-30,Nashville,TN,37,20,South Carolina State University,Tennessee State University,Home,37,20,17,17,Win,18124,113,365,69,88,69,33,3.0,21,5,South Carolina State University,nonconference,2003,37.0,20.0,17.0,17.0,18124.0,113.0,365.0,69.0,18.75392670157068,33.0,3.0,21.0,5.0
1,2003-09-06,Huntsville,AL,31,24,Tennessee State University,Alabama A&M University,Away,24,31,-7,7,Loss,18085,141,146,147,8,68,22,0.0,0,7,Alabama A&M University,nonconference,2003,24.0,31.0,-7.0,7.0,18085.0,141.0,146.0,147.0,8.0,22.0,0.0,0.0,7.0
2,2003-09-13,Memphis,TN,44,14,Jackson State University,Tennessee State University,Away,44,14,30,30,Win,52603,209,132,138,107,84,26,1.0,4,5,Jackson State University,nonconference,2003,44.0,14.0,30.0,30.0,16985.230366492146,209.0,132.0,138.0,18.75392670157068,26.0,1.0,4.0,5.0
3,2003-09-20,Atlanta,GA,10,7,Tennessee State University,Florida A&M University,Away,7,10,-3,3,Loss,70185,153,138,86,2,50,22,0.0,0,6,Florida A&M University,nonconference,2003,7.0,10.0,-3.0,3.0,16985.230366492146,153.0,138.0,86.0,2.0,22.0,0.0,0.0,6.0
4,2003-09-27,Nashville,TN,41,10,University of Tennessee Martin,Tennessee State University,Home,41,10,31,31,Win,8434,142,285,11,29,76,46,4.0,22,3,University of Tennessee Martin,conference,2003,41.0,10.0,31.0,31.0,8434.0,142.0,285.0,11.0,29.0,46.0,4.0,22.0,3.0
5,2003-10-11,Cookeville,TN,27,23,Tennessee Tech University,Tennessee State University,Away,27,23,4,4,Win,8127,182,297,33,52,74,44,4.0,30,2,Tennessee Tech University,conference,2003,27.0,23.0,4.0,4.0,8127.0,182.0,297.0,33.0,52.0,44.0,4.0,30.0,2.0
6,2003-10-18,Nashville,TN,34,7,Tennessee State University,Jacksonville State University,Home,7,34,-27,27,Loss,8023,47,175,90,-17,79,9,1.0,9,6,Jacksonville State University,conference,2003,7.0,34.0,-27.0,27.0,8023.0,47.0,175.0,90.0,-17.0,9.0,1.0,9.0,6.0
7,2003-10-25,Birmingham,AL,29,24,Samford University,Tennessee State University,Away,29,24,5,5,Win,10360,132,271,50,45,83,34,2.0,24,8,Samford University,nonconference,2003,29.0,24.0,5.0,5.0,10360.0,132.0,271.0,50.0,45.0,34.0,2.0,24.0,8.0
8,2003-11-01,Nashville,TN,24,14,Eastern Illinois University,Tennessee State University,Home,24,14,10,10,Win,25037,223,184,8,9,65,23,2.0,12,5,Eastern Illinois University,conference,2003,24.0,14.0,10.0,10.0,25037.0,223.0,184.0,8.0,9.0,23.0,2.0,12.0,5.0
9,2003-11-08,Cape Girardeau,MO,52,35,Tennessee State University,Southeast Missouri State University,Away,35,52,-17,17,Loss,5375,149,196,139,18,65,23,2.0,14,5,Southeast Missouri State University,conference,2003,35.0,52.0,-17.0,17.0,5375.0,149.0,196.0,139.0,18.0,23.0,2.0,14.0,5.0
10,2003-11-15,Nashville,TN,43,38,Tennessee State University,Eastern Kentucky University,Home,38,43,-5,5,Loss,3875,144,371,112,0,75,32,4.0,20,10,Eastern Kentucky University,conference,2003,38.0,43.0,-5.0,5.0,3875.0,144.0,371.0,112.0,0.0,32.0,4.0,20.0,5.162303664921466
11,2003-11-22,Murray,KY,35,10,Murray State University,Tennessee State University,Away,35,10,25,25,Win,2814,191,195,63,15,67,37,5.0,28,7,Murray State University,conference,2003,35.0,10.0,25.0,25.0,2814.0,191.0,195.0,63.0,15.0,37.0,5.0,28.0,7.0
12,2004-09-04,Nashville,TN,42,7,Alabama A&M University,Tennessee State University,Home,42,7,35,35,Win,25117,152,203,24,26,74,35,2.0,12,4,Alabama A&M University,nonconference,2004,42.0,7.0,35.0,35.0,25117.0,152.0,203.0,24.0,26.0,35.0,2.0,12.0,4.0
13,2004-09-09,Martin,TN,27,13,University of Tennessee Martin,Tennessee State University,Away,27,13,14,14,Win,7019,156,158,34,32,65,60,4.0,30,7,University of Tennessee Martin,conference,2004,27.0,13.0,14.0,14.0,7019.0,156.0,158.0,34.0,32.0,25.350785340314136,4.0,30.0,7.0
14,2004-09-18,Memphis,TN,21,20,Jackson State University,Tennessee State University,Away,21,20,1,1,Win,55015,164,149,39,10,63,19,2.0,7,7,Jackson State University,nonconference,2004,21.0,20.0,1.0,1.0,16985.230366492146,164.0,149.0,39.0,10.0,19.0,2.0,7.0,7.0
15,2004-09-25,Atlanta,GA,21,15,Tennessee State University,Florida A&M University,Away,15,21,-6,6,Loss,67712,161,163,49,32,78,70,5.0,49,9,Florida A&M University,nonconference,2004,15.0,21.0,-6.0,6.0,16985.230366492146,161.0,163.0,49.0,32.0,25.350785340314136,5.0,13.534031413612565,9.0
16,2004-10-02,Indianapolis,IN,30,13,Tennessee State University,South Carolina State University,Away,13,30,-17,17,Loss,51082,22,173,57,0,91,17,1.0,4,9,South Carolina State University,nonconference,2004,13.0,30.0,-17.0,17.0,16985.230366492146,22.0,173.0,57.0,0.0,17.0,1.0,4.0,9.0
17,2004-10-16,Jacksonville,AL,49,35,Tennessee State University,Jacksonville State University,Away,35,49,-14,14,Loss,14722,106,381,120,0,77,0,0.0,0,4,Jacksonville State University,conference,2004,35.0,49.0,-14.0,14.0,14722.0,106.0,381.0,120.0,0.0,0.0,0.0,0.0,4.0
18,2004-10-23,Nashville,TN,42,36,Tennessee State University,Samford University,Home,36,42,-6,6,Loss,5041,290,211,127,36,88,23,1.0,5,4,Samford University,nonconference,2004,36.0,42.0,-6.0,6.0,5041.0,290.0,211.0,127.0,36.0,23.0,1.0,5.0,4.0
19,2004-10-30,Charleston,IL,34,24,Tennessee State University,Eastern Illinois University,Away,24,34,-10,10,Loss,5422,22,192,100,77,66,6,0.0,0,8,Eastern Illinois University,conference,2004,24.0,34.0,-10.0,10.0,5422.0,22.0,192.0,100.0,18.75392670157068,6.0,0.0,0.0,8.0
20,2004-11-06,Nashville,TN,38,36,Southeast Missouri State University,Tennessee State University,Home,38,36,2,2,Win,23421,243,215,76,22,63,31,2.0,12,7,Southeast Missouri State University,conference,2004,38.0,36.0,2.0,2.0,23421.0,243.0,215.0,76.0,22.0,31.0,2.0,12.0,7.0
21,2004-11-13,Richmond,KY,29,14,Tennessee State University,Eastern Kentucky University,Away,14,29,-15,15,Loss,7100,194,162,95,63,67,25,1.0,5,6,Eastern Kentucky University,conference,2004,14.0,29.0,-15.0,15.0,7100.0,194.0,162.0,95.0,63.0,25.0,1.0,5.0,6.0
22,2004-11-20,Nashville,TN,30,13,Tennessee State University,Murray State University,Home,13,30,-17,17,Loss,4864,83,142,130,0,66,16,0.0,0,8,Murray State University,conference,2004,13.0,30.0,-17.0,17.0,4864.0,83.0,142.0,130.0,0.0,16.0,0.0,0.0,8.0
23,2005-09-03,Nashville,TN,27,14,Tennessee State University,Alabama A&M University,Home,14,27,-13,13,Loss,25342,72,154,62,32,47,20,2.0,13,4,Alabama A&M University,nonconference,2005,14.0,27.0,-13.0,13.0,25342.0,72.0,154.0,62.0,32.0,20.0,2.0,13.0,4.0
24,2005-09-10,Memphis,TN,20,14,Jackson State University,Tennessee State University,Away,20,14,6,6,Win,48300,286,103,11,47,59,29,3.0,16,3,Jackson State University,nonconference,2005,20.0,14.0,6.0,6.0,16985.230366492146,286.0,103.0,11.0,47.0,29.0,3.0,16.0,3.0
25,2005-09-17,Martin,TN,42,20,Tennessee State University,University of Tennessee Martin,Away,20,42,-22,22,Loss,5263,77,170,110,-2,95,17,1.0,6,6,University of Tennessee Martin,conference,2005,20.0,42.0,-22.0,22.0,5263.0,77.0,170.0,110.0,-2.0,17.0,1.0,6.0,6.0
26,2005-09-24,Atlanta,GA,12,7,Tennessee State University,Florida A&M University,Away,7,12,-5,5,Loss,56297,26,238,10,67,70,56,7.0,50,6,Florida A&M University,nonconference,2005,7.0,12.0,-5.0,5.0,16985.230366492146,26.0,238.0,10.0,67.0,56.0,2.089005235602094,13.534031413612565,6.0
27,2005-10-01,Indianapolis,IN,16,3,Tennessee State University,North Carolina A&T State University,Away,3,16,-13,13,Loss,42310,117,115,99,49,75,56,6.0,37,6,North Carolina A&T State University,nonconference,2005,3.0,16.0,-13.0,13.0,42310.0,117.0,115.0,99.0,49.0,56.0,6.0,37.0,6.0
28,2005-10-13,Cookeville,TN,31,20,Tennessee Tech University,Tennessee State University,Away,31,20,11,11,Win,10226,233,78,71,53,89,41,2.0,11,8,Tennessee Tech University,conference,2005,31.0,20.0,11.0,11.0,10226.0,233.0,78.0,71.0,53.0,41.0,2.0,11.0,8.0
29,2005-10-22,Nashville,TN,33,3,Tennessee State University,Jacksonville State University,Home,3,33,-30,30,Loss,6490,157,185,114,14,62,9,0.0,0,5,Jacksonville State University,conference,2005,3.0,33.0,-30.0,30.0,6490.0,157.0,185.0,114.0,14.0,9.0,0.0,0.0,5.0
30,2005-10-29,Birmingham,AL,31,11,Tennessee State University,Samford University,Away,11,31,-20,20,Loss,8278,87,160,78,3,72,20,2.0,8,7,Samford University,nonconference,2005,11.0,31.0,-20.0,20.0,8278.0,87.0,160.0,78.0,3.0,20.0,2.0,8.0,7.0
31,2005-11-05,Nashville,TN,27,3,Tennessee State University,Eastern Illinois University,Home,3,27,-24,24,Loss,23481,50,196,90,0,61,26,1.0,14,5,Eastern Illinois University,conference,2005,3.0,27.0,-24.0,24.0,23481.0,50.0,196.0,90.0,0.0,26.0,1.0,14.0,5.0
32,2005-11-12,Cape Girardeau,MO,32,24,Tennessee State University,Southeast Missouri State University,Away,24,32,-8,8,Loss,2512,141,286,128,1,53,20,1.0,7,5,Southeast Missouri State University,conference,2005,24.0,32.0,-8.0,8.0,2512.0,141.0,286.0,128.0,1.0,20.0,1.0,7.0,5.0
33,2005-11-19,Nashville,TN,49,0,Tennessee State University,Eastern Kentucky University,Home,0,49,-49,49,Loss,4779,-18,150,138,0,64,6,0.0,0,8,Eastern Kentucky University,conference,2005,0.0,49.0,-0.17801047120418848,14.502617801047121,4779.0,-18.0,150.0,138.0,0.0,6.0,0.0,0.0,8.0
34,2006-09-02,Nashville,TN,27,20,Tennessee State University,Alabama A&M University,Home,20,27,-7,7,Loss,19487,156,206,105,0,63,3,0.0,0,2,Alabama A&M University,nonconference,2006,20.0,27.0,-7.0,7.0,19487.0,156.0,206.0,105.0,0.0,3.0,0.0,0.0,2.0
35,2006-09-09,Nashville,TN,25,15,Murray State University,Tennessee State University,Home,25,15,10,10,Win,10613,111,230,102,0,76,38,3.0,23,5,Murray State University,conference,2006,25.0,15.0,10.0,10.0,10613.0,111.0,230.0,102.0,0.0,38.0,3.0,23.0,5.0
36,2006-09-16,Memphis,TN,31,30,Jackson State University,Tennessee State University,Away,31,30,1,1,Win,53441,146,167,77,24,63,18,1.0,6,2,Jackson State University,nonconference,2006,31.0,30.0,1.0,1.0,16985.230366492146,146.0,167.0,77.0,24.0,18.0,1.0,6.0,2.0
37,2006-09-23,Nashville,TN,38,9,Tennessee State University,Vanderbilt University,Home,9,38,-29,29,Loss,27460,71,181,70,0,59,25,1.0,7,3,Vanderbilt University,nonconference,2006,9.0,38.0,-29.0,29.0,27460.0,71.0,181.0,70.0,0.0,25.0,1.0,7.0,3.0
38,2006-09-30,Atlanta,GA,25,22,Tennessee State University,Florida A&M University,Away,22,25,-3,3,Loss,57885,227,210,98,16,54,14,1.0,4,4,Florida A&M University,nonconference,2006,22.0,25.0,-3.0,3.0,16985.230366492146,227.0,210.0,98.0,16.0,14.0,1.0,4.0,4.0
39,2006-10-14,Nashville,TN,30,20,Tennessee Tech University,Tennessee State University,Home,30,20,10,10,Win,9720,310,169,45,4,64,15,1.0,8,4,Tennessee Tech University,conference,2006,30.0,20.0,10.0,10.0,9720.0,310.0,169.0,45.0,4.0,15.0,1.0,8.0,4.0
40,2006-10-21,Jacksonville,AL,38,31,Jacksonville State University,Tennessee State University,Away,38,31,7,7,Win,11800,103,260,119,20,77,26,3.0,20,6,Jacksonville State University,conference,2006,38.0,31.0,7.0,7.0,11800.0,103.0,260.0,119.0,20.0,26.0,3.0,20.0,6.0
41,2006-10-28,Nashville,TN,29,7,Samford University,Tennessee State University,Home,29,7,22,22,Win,18758,247,105,23,13,45,28,3.0,16,3,Samford University,nonconference,2006,29.0,7.0,22.0,22.0,18758.0,247.0,105.0,23.0,13.0,28.0,3.0,16.0,3.0
42,2006-11-04,Charleston,IL,29,3,Tennessee State University,Eastern Illinois University,Away,3,29,-26,26,Loss,5912,49,162,115,0,88,22,1.0,10,6,Eastern Illinois University,conference,2006,3.0,29.0,-26.0,26.0,5912.0,49.0,162.0,115.0,0.0,22.0,1.0,10.0,6.0
43,2006-11-11,Nashville,TN,31,0,Southeast Missouri State University,Tennessee State University,Home,31,0,31,31,Win,4271,133,152,0,17,44,27,4.0,23,4,Southeast Missouri State University,conference,2006,31.0,0.0,31.0,31.0,4271.0,133.0,152.0,0.0,17.0,27.0,4.0,23.0,4.0
44,2006-11-18,Richmond,KY,20,3,Tennessee State University,Eastern Kentucky University,Away,3,20,-17,17,Loss,5500,95,162,126,7,70,30,2.0,14,1,Eastern Kentucky University,conference,2006,3.0,20.0,-17.0,17.0,5500.0,95.0,162.0,126.0,7.0,30.0,2.0,14.0,1.0
45,2007-09-01,Nashville,TN,49,23,Tennessee State University,Alabama A&M University,Home,23,49,-26,26,Loss,23440,206,176,154,35,56,17,2.0,15,6,Alabama A&M University,nonconference,2007,23.0,49.0,-26.0,26.0,23440.0,206.0,176.0,154.0,35.0,17.0,2.0,15.0,6.0
46,2007-09-08,Memphis,TN,16,13,Jackson State University,Tennessee State University,Away,16,13,3,3,Win,50879,153,232,84,24,63,30,2.0,16,5,Jackson State University,nonconference,2007,16.0,13.0,3.0,3.0,16985.230366492146,153.0,232.0,84.0,24.0,30.0,2.0,16.0,5.0
47,2007-09-15,Clarksville,TN,33,32,Austin Peay State University,Tennessee State University,Away,33,32,1,1,Win,8359,238,233,83,14,64,44,3.0,26,3,Austin Peay State University,conference,2007,33.0,32.0,1.0,1.0,8359.0,238.0,233.0,83.0,14.0,44.0,3.0,26.0,3.0
48,2007-09-22,Baton Rouge,LA,41,34,Tennessee State University,Southern University & A&M College,Away,34,41,-7,7,Loss,15371,133,316,135,15,80,56,3.0,36,7,Southern University & A&M College,nonconference,2007,34.0,41.0,-7.0,7.0,15371.0,133.0,316.0,135.0,15.0,56.0,3.0,36.0,7.0
49,2007-09-29,Atlanta,GA,18,17,Tennessee State University,Florida A&M University,Away,17,18,-1,1,Loss,56990,177,309,111,33,78,28,3.0,23,4,Florida A&M University,nonconference,2007,17.0,18.0,-1.0,1.0,16985.230366492146,177.0,309.0,111.0,33.0,28.0,3.0,23.0,4.0
50,2007-10-11,Cookeville,TN,45,28,Tennessee Tech University,Tennessee State University,Away,45,28,17,17,Win,9369,320,138,64,8,70,23,0.0,0,4,Tennessee Tech University,conference,2007,45.0,28.0,17.0,17.0,9369.0,320.0,138.0,64.0,8.0,23.0,0.0,0.0,4.0
51,2007-10-20,Richmond,KY,49,7,Tennessee State University,Eastern Kentucky University,Away,7,49,-42,42,Loss,11500,169,127,122,0,77,19,1.0,10,10,Eastern Kentucky University,conference,2007,7.0,49.0,-42.0,42.0,11500.0,169.0,127.0,122.0,0.0,19.0,1.0,10.0,5.162303664921466
52,2007-10-27,Nashville,TN,38,35,Tennessee State University,Eastern Illinois University,Home,35,38,-3,3,Loss,8935,166,189,84,20,88,12,0.0,0,5,Eastern Illinois University,conference,2007,35.0,38.0,-3.0,3.0,8935.0,166.0,189.0,84.0,20.0,12.0,0.0,0.0,5.0
53,2007-11-03,Nashville,TN,42,28,Murray State University,Tennessee State University,Home,42,28,14,14,Win,24878,280,69,6,77,93,25,3.0,15,3,Murray State University,conference,2007,42.0,28.0,14.0,14.0,24878.0,280.0,69.0,6.0,18.75392670157068,25.0,3.0,15.0,3.0
54,2007-11-08,Birmingham,AL,38,28,Samford University,Tennessee State University,Away,38,28,10,10,Win,4193,187,125,94,-1,75,35,1.0,11,5,Samford University,nonconference,2007,38.0,28.0,10.0,10.0,4193.0,187.0,125.0,94.0,-1.0,35.0,1.0,11.0,5.0
55,2007-11-17,Nashville,TN,43,38,Tennessee State University,University of Tennessee Martin,Home,38,43,-5,5,Loss,7859,290,173,222,31,92,14,1.0,8,3,University of Tennessee Martin,conference,2007,38.0,43.0,-5.0,5.0,7859.0,290.0,173.0,78.67015706806282,31.0,14.0,1.0,8.0,3.0
56,2008-08-30,Huntsville,AL,34,13,Alabama A&M University,Tennessee State University,Away,34,13,21,21,Win,10072,107,292,160,2,46,20,1.0,10,3,Alabama A&M University,nonconference,2008,34.0,13.0,21.0,21.0,10072.0,107.0,292.0,160.0,2.0,20.0,1.0,10.0,3.0
57,2008-09-06,Nashville,TN,34,32,Southern University & A&M College,Tennessee State University,Home,34,32,2,2,Win,28830,148,315,66,37,76,29,1.0,4,3,Southern University & A&M College,nonconference,2008,34.0,32.0,2.0,2.0,28830.0,148.0,315.0,66.0,37.0,29.0,1.0,4.0,3.0
58,2008-09-13,Memphis,TN,41,18,Jackson State University,Tennessee State University,Away,41,18,23,23,Win,50794,148,137,34,38,58,9,0.0,0,3,Jackson State University,nonconference,2008,41.0,18.0,23.0,23.0,16985.230366492146,148.0,137.0,34.0,38.0,9.0,0.0,0.0,3.0
59,2008-09-20,Nashville,TN,34,20,Eastern Kentucky University,Tennessee State University,Home,34,20,14,14,Win,8276,229,314,84,6,51,48,3.0,27,3,Eastern Kentucky University,conference,2008,34.0,20.0,14.0,14.0,8276.0,229.0,314.0,84.0,6.0,48.0,3.0,27.0,3.0
60,2008-09-27,Atlanta,GA,28,21,Tennessee State University,Florida A&M University,Away,21,28,-7,7,Loss,50428,136,241,95,2,61,37,3.0,23,5,Florida A&M University,nonconference,2008,21.0,28.0,-7.0,7.0,16985.230366492146,136.0,241.0,95.0,2.0,37.0,3.0,23.0,5.0
61,2008-10-04,Martin,TN,30,27,University of Tennessee Martin,Tennessee State University,Away,30,27,3,3,Win,7549,177,155,93,21,74,13,0.0,0,6,University of Tennessee Martin,conference,2008,30.0,27.0,3.0,3.0,7549.0,177.0,155.0,93.0,21.0,13.0,0.0,0.0,6.0
62,2008-10-18,Nashville,TN,37,34,Austin Peay State University,Tennessee State University,Home,37,34,3,3,Win,9358,377,108,101,0,62,25,2.0,22,1,Austin Peay State University,conference,2008,37.0,34.0,3.0,3.0,9358.0,157.7696335078534,108.0,101.0,0.0,25.0,2.0,22.0,1.0
63,2008-10-25,Cape Girardeau,MO,27,20,Tennessee State University,Southeast Missouri State University,Away,20,27,-7,7,Loss,9750,217,233,72,18,54,27,2.0,15,1,Southeast Missouri State University,conference,2008,20.0,27.0,-7.0,7.0,9750.0,217.0,233.0,72.0,18.0,27.0,2.0,15.0,1.0
64,2008-11-01,Nashville,TN,41,14,Tennessee Tech University,Tennessee State University,Home,41,14,27,27,Win,24361,212,138,32,37,67,30,2.0,16,4,Tennessee Tech University,conference,2008,41.0,14.0,27.0,27.0,24361.0,212.0,138.0,32.0,37.0,30.0,2.0,16.0,4.0
65,2008-11-08,Nashville,TN,45,24,Eastern Illinois University,Tennessee State University,Home,45,24,21,21,Win,6393,309,162,59,4,68,19,2.0,13,4,Eastern Illinois University,conference,2008,45.0,24.0,21.0,21.0,6393.0,309.0,162.0,59.0,4.0,19.0,2.0,13.0,4.0
66,2008-11-15,Jacksonville,AL,26,21,Tennessee State University,Jacksonville State University,Away,21,26,-5,5,Loss,7956,177,170,57,42,69,10,1.0,8,7,Jacksonville State University,conference,2008,21.0,26.0,-5.0,5.0,7956.0,177.0,170.0,57.0,42.0,10.0,1.0,8.0,7.0
67,2008-11-22,Murray,KY,24,17,Tennessee State University,Murray State University,Away,17,24,-7,7,Loss,2292,113,210,57,-2,60,26,2.0,11,5,Murray State University,conference,2008,17.0,24.0,-7.0,7.0,2292.0,113.0,210.0,57.0,-2.0,26.0,2.0,11.0,5.0
68,2009-09-05,Nashville,TN,24,7,Tennessee State University,Alabama A&M University,Home,7,24,-17,17,Loss,23871,13,178,46,0,71,18,1.0,7,6,Alabama A&M University,nonconference,2009,7.0,24.0,-17.0,17.0,23871.0,13.0,178.0,46.0,0.0,18.0,1.0,7.0,6.0
69,2009-09-12,Memphis,TN,14,7,Jackson State University,Tennessee State University,Away,14,7,7,7,Win,43306,217,43,19,20,60,42,3.0,26,9,Jackson State University,nonconference,2009,14.0,7.0,7.0,7.0,43306.0,217.0,43.0,19.0,20.0,42.0,3.0,26.0,9.0
70,2009-09-19,Baton Rouge,LA,21,17,Tennessee State University,Southern University & A&M College,Away,17,21,-4,4,Loss,12247,169,86,75,13,81,28,3.0,15,8,Southern University & A&M College,nonconference,2009,17.0,21.0,-4.0,4.0,12247.0,169.0,86.0,75.0,13.0,28.0,3.0,15.0,8.0
71,2009-09-26,Atlanta,GA,31,12,Tennessee State University,Florida A&M University,Away,12,31,-19,19,Loss,51950,167,107,95,2,63,14,1.0,5,6,Florida A&M University,nonconference,2009,12.0,31.0,-19.0,19.0,16985.230366492146,167.0,107.0,95.0,2.0,14.0,1.0,5.0,6.0
72,2009-10-03,Nashville,TN,23,17,Southeast Missouri State University,Tennessee State University,Home,23,17,6,6,Win,6314,259,95,72,30,58,20,3.0,15,5,Southeast Missouri State University,conference,2009,23.0,17.0,6.0,6.0,6314.0,259.0,95.0,72.0,30.0,20.0,3.0,15.0,5.0
73,2009-10-10,Richmond,KY,20,17,Eastern Kentucky University,Tennessee State University,Away,20,17,3,3,Win,7100,159,124,81,24,52,24,3.0,14,8,Eastern Kentucky University,conference,2009,20.0,17.0,3.0,3.0,7100.0,159.0,124.0,81.0,24.0,24.0,3.0,14.0,8.0
74,2009-10-17,Nashville,TN,9,6,Tennessee State University,Murray State University,Home,6,9,-3,3,Loss,5572,169,68,64,5,69,21,2.0,12,6,Murray State University,conference,2009,6.0,9.0,-3.0,3.0,5572.0,169.0,68.0,64.0,5.0,21.0,2.0,12.0,6.0
75,2009-10-31,Cookeville,TN,20,13,Tennessee State University,Tennessee Tech University,Away,13,20,-7,7,Loss,7999,152,128,78,7,56,35,2.0,18,7,Tennessee Tech University,conference,2009,13.0,20.0,-7.0,7.0,7999.0,152.0,128.0,78.0,7.0,35.0,2.0,18.0,7.0
76,2009-11-07,Nashville,TN,28,7,Tennessee State University,University of Tennessee Martin,Home,7,28,-21,21,Loss,22092,62,207,97,7,83,9,0.0,0,7,University of Tennessee Martin,conference,2009,7.0,28.0,-21.0,21.0,22092.0,62.0,207.0,97.0,7.0,9.0,0.0,0.0,7.0
77,2009-11-14,Clarksville,TN,24,21,Tennessee State University,Austin Peay State University,Away,21,24,-3,3,Loss,6968,104,189,60,2,73,6,0.0,0,8,Austin Peay State University,conference,2009,21.0,24.0,-3.0,3.0,6968.0,104.0,189.0,60.0,2.0,6.0,0.0,0.0,8.0
78,2009-11-19,Charleston,IL,21,10,Eastern Illinois University,Tennessee State University,Away,21,10,11,11,Win,3509,176,135,55,-4,47,19,2.0,11,8,Eastern Illinois University,conference,2009,21.0,10.0,11.0,11.0,3509.0,176.0,135.0,55.0,-4.0,19.0,2.0,11.0,8.0
79,2010-09-04,Nashville,TN,27,14,Alabama A&M University,Tennessee State University,Home,27,14,13,13,Win,22607,107,127,127,36,64,42,7.0,40,6,Alabama A&M University,nonconference,2010,27.0,14.0,13.0,13.0,22607.0,107.0,127.0,127.0,36.0,42.0,2.089005235602094,40.0,6.0
80,2010-09-11,Memphis,TN,33,26,Tennessee State University,Jackson State University,Away,26,33,-7,7,Loss,44688,224,185,133,28,60,26,0.0,0,6,Jackson State University,nonconference,2010,26.0,33.0,-7.0,7.0,44688.0,224.0,185.0,133.0,28.0,26.0,0.0,0.0,6.0
81,2010-09-18,Nashville,TN,26,23,Tennessee State University,Austin Peay State University,Home,23,26,-3,3,Loss,8502,162,225,134,25,57,24,2.0,13,3,Austin Peay State University,conference,2010,23.0,26.0,-3.0,3.0,8502.0,162.0,225.0,134.0,25.0,24.0,2.0,13.0,3.0
82,2010-09-25,Atlanta,GA,29,18,Florida A&M University,Tennessee State University,Away,29,18,11,11,Win,54202,304,109,33,142,58,60,8.0,48,5,Florida A&M University,nonconference,2010,29.0,18.0,11.0,11.0,16985.230366492146,304.0,109.0,33.0,18.75392670157068,25.350785340314136,2.089005235602094,13.534031413612565,5.0
83,2010-10-02,Indianapolis,IN,37,7,North Carolina A&T State University,Tennessee State University,Away,37,7,30,30,Win,35217,379,142,20,13,66,34,5.0,31,4,North Carolina A&T State University,nonconference,2010,37.0,7.0,30.0,30.0,35217.0,157.7696335078534,142.0,20.0,13.0,34.0,5.0,31.0,4.0
84,2010-10-09,Cape Girardeau,MO,19,17,Tennessee State University,Southeast Missouri State University,Away,17,19,-2,2,Loss,10316,152,147,90,0,86,17,1.0,9,5,Southeast Missouri State University,conference,2010,17.0,19.0,-2.0,2.0,10316.0,152.0,147.0,90.0,0.0,17.0,1.0,9.0,5.0
85,2010-10-16,Jacksonville,AL,24,0,Tennessee State University,Jacksonville State University,Away,0,24,-24,24,Loss,15218,154,65,61,-19,66,11,0.0,0,8,Jacksonville State University,conference,2010,0.0,24.0,-24.0,24.0,15218.0,154.0,65.0,61.0,-19.0,11.0,0.0,0.0,8.0
86,2010-10-23,Nashville,TN,21,10,Tennessee State University,Tennessee Tech University,Home,10,21,-11,11,Loss,6739,158,203,56,1,67,24,1.0,4,3,Tennessee Tech University,conference,2010,10.0,21.0,-11.0,11.0,6739.0,158.0,203.0,56.0,1.0,24.0,1.0,4.0,3.0
87,2010-11-06,Nashville,TN,31,28,Tennessee State University,Eastern Illinois University,Home,28,31,-3,3,Loss,21596,180,277,29,21,66,19,1.0,7,7,Eastern Illinois University,conference,2010,28.0,31.0,-3.0,3.0,21596.0,180.0,277.0,29.0,21.0,19.0,1.0,7.0,7.0
88,2010-11-13,Martin,TN,37,0,Tennessee State University,University of Tennessee Martin,Away,0,37,-37,37,Loss,3141,72,51,116,2,55,12,1.0,7,9,University of Tennessee Martin,conference,2010,0.0,37.0,-37.0,37.0,3141.0,72.0,51.0,116.0,2.0,12.0,1.0,7.0,9.0
89,2010-11-20,Murray,KY,28,23,Tennessee State University,Murray State University,Away,23,28,-5,5,Loss,2904,198,289,134,1,65,30,1.0,4,5,Murray State University,conference,2010,23.0,28.0,-5.0,5.0,2904.0,198.0,289.0,134.0,1.0,30.0,1.0,4.0,5.0
90,2011-09-03,Nashville,TN,33,7,Southern University & A&M College,Tennessee State University,Home,33,7,26,26,Win,25209,342,170,48,0,45,41,5.0,30,3,Southern University & A&M College,nonconference,2011,33.0,7.0,26.0,26.0,25209.0,157.7696335078534,170.0,48.0,0.0,41.0,5.0,30.0,3.0
91,2011-09-10,Memphis,TN,35,29,Tennessee State University,Jackson State University,Away,29,35,-6,6,Loss,43532,78,226,146,5,64,45,3.0,31,6,Jackson State University,nonconference,2011,29.0,35.0,-6.0,6.0,43532.0,78.0,226.0,146.0,5.0,45.0,3.0,31.0,6.0
92,2011-09-17,Murray,KY,58,27,Tennessee State University,Murray State University,Away,27,58,-31,31,Loss,10031,168,207,197,17,94,32,3.0,21,9,Murray State University,conference,2011,27.0,58.0,-31.0,31.0,10031.0,168.0,207.0,197.0,17.0,32.0,3.0,21.0,9.0
93,2011-09-24,Air Force Academy,CO,63,24,Tennessee State University,Air Force Academy,Away,24,63,-39,39,Loss,33487,188,206,97,0,88,0,0.0,0,8,Air Force Academy,nonconference,2011,24.0,25.82198952879581,-39.0,39.0,33487.0,188.0,206.0,97.0,0.0,0.0,0.0,0.0,8.0
94,2011-10-01,Clarksville,TN,37,34,Tennessee State University,Austin Peay State University,Away,34,37,-3,3,Loss,8614,162,304,158,0,61,20,2.0,10,2,Austin Peay State University,conference,2011,34.0,37.0,-3.0,3.0,8614.0,162.0,304.0,158.0,0.0,20.0,2.0,10.0,2.0
95,2011-10-08,Nashville,TN,55,3,Southeast Missouri State University,Tennessee State University,Home,55,3,52,52,Win,6234,258,278,15,115,54,17,1.0,9,2,Southeast Missouri State University,conference,2011,55.0,3.0,-0.17801047120418848,14.502617801047121,6234.0,258.0,278.0,15.0,18.75392670157068,17.0,1.0,9.0,2.0
96,2011-10-15,Cookeville,TN,42,40,Tennessee Tech University,Tennessee State University,Away,42,40,2,2,Win,8676,166,232,118,5,88,38,5.0,32,5,Tennessee Tech University,conference,2011,42.0,40.0,2.0,2.0,8676.0,166.0,232.0,118.0,5.0,38.0,5.0,32.0,5.0
97,2011-10-22,Richmond,KY,33,22,Tennessee State University,Eastern Kentucky University,Away,22,33,-11,11,Loss,10800,65,343,112,17,80,20,3.0,14,4,Eastern Kentucky University,conference,2011,22.0,33.0,-11.0,11.0,10800.0,65.0,343.0,112.0,17.0,20.0,3.0,14.0,4.0
98,2011-11-05,Charleston,IL,18,17,Eastern Illinois University,Tennessee State University,Away,18,17,1,1,Win,6774,200,118,64,0,59,23,3.0,17,7,Eastern Illinois University,conference,2011,18.0,17.0,1.0,1.0,6774.0,200.0,118.0,64.0,0.0,23.0,3.0,17.0,7.0
99,2011-11-12,Nashville,TN,35,30,University of Tennessee Martin,Tennessee State University,Home,35,30,5,5,Win,19537,253,263,46,5,53,14,1.0,1,5,University of Tennessee Martin,conference,2011,35.0,30.0,5.0,5.0,19537.0,253.0,263.0,46.0,5.0,14.0,1.0,1.0,5.0
100,2011-11-19,Nashville,TN,38,16,Tennessee State University,Jacksonville State University,Home,16,38,-22,22,Loss,6137,87,262,129,16,50,18,2.0,10,5,Jacksonville State University,conference,2011,16.0,38.0,-22.0,22.0,6137.0,87.0,262.0,129.0,16.0,18.0,2.0,10.0,5.0
101,2012-09-01,Nashville,TN,17,14,Florida A&M University,Tennessee State University,Home,17,14,3,3,Win,15652,138,263,52,8,49,28,1.0,5,5,Florida A&M University,nonconference,2012,17.0,14.0,3.0,3.0,15652.0,138.0,263.0,52.0,8.0,28.0,1.0,5.0,5.0
102,2012-09-08,Memphis,TN,38,12,Jackson State University,Tennessee State University,Away,38,12,26,26,Win,42257,235,137,69,42,66,21,3.0,20,8,Jackson State University,nonconference,2012,38.0,12.0,26.0,26.0,42257.0,235.0,137.0,69.0,42.0,21.0,3.0,20.0,8.0
103,2012-09-15,Nashville,TN,34,14,Austin Peay State University,Tennessee State University,Home,34,14,20,20,Win,14264,112,322,24,7,55,13,1.0,9,3,Austin Peay State University,conference,2012,34.0,14.0,20.0,20.0,14264.0,112.0,322.0,24.0,7.0,13.0,1.0,9.0,3.0
104,2012-09-22,Daytona Beach,FL,21,14,Bethune Cookman University,Tennessee State University,Away,21,14,7,7,Win,9461,200,157,41,37,84,52,4.0,30,7,Bethune Cookman University,nonconference,2012,21.0,14.0,7.0,7.0,9461.0,200.0,157.0,41.0,37.0,52.0,4.0,30.0,7.0
105,2012-09-29,Nashville,TN,40,13,University of Arkansas Pine Bluff,Tennessee State University,Home,40,13,27,27,Win,31765,201,262,47,4,62,40,3.0,29,4,University of Arkansas Pine Bluff,nonconference,2012,40.0,13.0,27.0,27.0,31765.0,201.0,262.0,47.0,4.0,40.0,3.0,29.0,4.0
106,2012-10-05,Nashville,TN,23,20,Eastern Kentucky University,Tennessee State University,Home,23,20,3,3,Win,9878,139,227,63,0,67,11,3.0,6,5,Eastern Kentucky University,conference,2012,23.0,20.0,3.0,3.0,9878.0,139.0,227.0,63.0,0.0,11.0,3.0,6.0,5.0
107,2012-10-13,Cape Girardeau,MO,40,28,Southeast Missouri State University,Tennessee State University,Away,40,28,12,12,Win,4800,306,154,56,6,74,21,2.0,13,1,Southeast Missouri State University,conference,2012,40.0,28.0,12.0,12.0,4800.0,306.0,154.0,56.0,6.0,21.0,2.0,13.0,1.0
108,2012-10-20,Jacksonville,AL,31,28,Tennessee State University,Jacksonville State University,Away,28,31,-3,3,Loss,14867,184,311,62,0,62,15,1.0,9,5,Jacksonville State University,conference,2012,28.0,31.0,-3.0,3.0,14867.0,184.0,311.0,62.0,0.0,15.0,1.0,9.0,5.0
109,2012-10-27,Nashville,TN,22,21,Tennessee Tech University,Tennessee State University,Home,22,21,1,1,Win,11373,158,294,54,44,48,13,1.0,8,4,Tennessee Tech University,conference,2012,22.0,21.0,1.0,1.0,11373.0,158.0,294.0,54.0,44.0,13.0,1.0,8.0,4.0
110,2012-11-03,Murray,KY,49,28,Tennessee State University,Murray State University,Away,28,49,-21,21,Loss,3112,138,273,195,0,72,11,1.0,7,6,Murray State University,conference,2012,28.0,49.0,-21.0,21.0,3112.0,138.0,273.0,195.0,0.0,11.0,1.0,7.0,6.0
111,2012-11-17,Martin,TN,35,26,Tennessee State University,University of Tennessee Martin,Away,26,35,-9,9,Loss,6322,122,355,101,0,79,24,1.0,6,5,University of Tennessee Martin,conference,2012,26.0,35.0,-9.0,9.0,6322.0,122.0,355.0,101.0,0.0,24.0,1.0,6.0,5.0
112,2013-09-01,Nashville,TN,12,9,Tennessee State University,Bethune Cookman University,Home,9,12,-3,3,Loss,16108,116,132,84,51,62,7,1.0,4,5,Bethune Cookman University,nonconference,2013,9.0,12.0,-3.0,3.0,16108.0,116.0,132.0,84.0,51.0,7.0,1.0,4.0,5.0
113,2013-09-07,Tallahassee,FL,27,7,Florida A&M University,Tennessee State University,Away,27,7,20,20,Win,14237,268,131,111,17,41,35,3.0,18,4,Florida A&M University,nonconference,2013,27.0,7.0,20.0,20.0,14237.0,268.0,131.0,111.0,17.0,35.0,3.0,18.0,4.0
114,2013-09-14,Memphis,TN,26,16,Jackson State University,Tennessee State University,Away,26,16,10,10,Win,42400,174,111,64,11,69,26,2.0,13,3,Jackson State University,nonconference,2013,26.0,16.0,10.0,10.0,42400.0,174.0,111.0,64.0,11.0,26.0,2.0,13.0,3.0
115,2013-09-21,Cookeville,TN,41,21,Tennessee Tech University,Tennessee State University,Away,41,21,20,20,Win,10044,95,343,63,23,76,51,3.0,28,5,Tennessee Tech University,conference,2013,41.0,21.0,20.0,20.0,10044.0,95.0,343.0,63.0,23.0,51.0,3.0,28.0,5.0
116,2013-09-28,St. Louis,MO,73,6,Central State University,Tennessee State University,Away,73,6,67,67,Win,22000,311,228,46,75,70,44,3.0,17,1,Central State University,nonconference,2013,25.643979057591622,6.0,-0.17801047120418848,14.502617801047121,22000.0,311.0,228.0,46.0,18.75392670157068,44.0,3.0,17.0,1.0
117,2013-10-05,Nashville,TN,40,16,Southeast Missouri State University,Tennessee State University,Home,40,16,24,24,Win,7374,264,280,24,7,37,12,1.0,8,3,Southeast Missouri State University,conference,2013,40.0,16.0,24.0,24.0,7374.0,264.0,280.0,24.0,7.0,12.0,1.0,8.0,3.0
118,2013-10-12,Jacksonville,AL,31,15,Jacksonville State University,Tennessee State University,Away,31,15,16,16,Win,19092,215,133,48,46,70,61,5.0,18,6,Jacksonville State University,conference,2013,31.0,15.0,16.0,16.0,19092.0,215.0,133.0,48.0,46.0,25.350785340314136,5.0,18.0,6.0
119,2013-10-19,Martin,TN,29,15,University of Tennessee Martin,Tennessee State University,Away,29,15,14,14,Win,4166,69,170,64,0,78,56,5.0,35,6,University of Tennessee Martin,conference,2013,29.0,15.0,14.0,14.0,4166.0,69.0,170.0,64.0,0.0,56.0,5.0,35.0,6.0
120,2013-10-26,Nashville,TN,34,16,Tennessee State University,Eastern Illinois University,Home,16,34,-18,18,Loss,22157,126,212,19,56,70,31,3.0,27,8,Eastern Illinois University,conference,2013,16.0,34.0,-18.0,18.0,22157.0,126.0,212.0,19.0,56.0,31.0,3.0,27.0,8.0
121,2013-11-02,Richmond,KY,44,0,Tennessee State University,Eastern Kentucky University,Away,0,44,-44,44,Loss,5700,71,101,96,-1,63,3,0.0,0,9,Eastern Kentucky University,conference,2013,0.0,44.0,-0.17801047120418848,44.0,5700.0,71.0,101.0,96.0,-1.0,3.0,0.0,0.0,9.0
122,2013-11-09,Nashville,TN,31,6,Austin Peay State University,Tennessee State University,Home,31,6,25,25,Win,5258,146,173,8,13,60,59,5.0,37,5,Austin Peay State University,conference,2013,31.0,6.0,25.0,25.0,5258.0,146.0,173.0,8.0,13.0,59.0,5.0,37.0,5.0
123,2013-11-16,Nashville,TN,17,10,Murray State University,Tennessee State University,Home,17,10,7,7,Win,6412,241,60,45,19,54,31,3.0,20,8,Murray State University,conference,2013,17.0,10.0,7.0,7.0,6412.0,241.0,60.0,45.0,19.0,31.0,3.0,20.0,8.0
124,2013-11-30,Indianapolis,IN,31,0,Butler University,Tennessee State University,Away,31,0,31,31,Win,1928,152,263,-9,-3,47,21,2.0,7,4,Butler University,nonconference,2013,31.0,0.0,31.0,31.0,1928.0,152.0,263.0,-9.0,-3.0,21.0,2.0,7.0,4.0
125,2013-12-07,Charleston,IL,51,10,Tennessee State University,Eastern Illinois University,Away,10,51,-41,41,Loss,4825,45,242,52,2,73,13,1.0,5,8,Eastern Illinois University,conference,2013,10.0,51.0,-41.0,41.0,4825.0,45.0,242.0,52.0,2.0,13.0,1.0,5.0,8.0
126,2014-08-30,Nashville,TN,58,6,Edward Waters College,Tennessee State University,Home,58,6,52,52,Win,10541,439,71,77,57,53,38,2.0,13,1,Edward Waters College,nonconference,2014,58.0,6.0,-0.17801047120418848,14.502617801047121,10541.0,157.7696335078534,71.0,77.0,57.0,38.0,2.0,13.0,1.0
127,2014-09-06,Montgomery,AL,27,21,Tennessee State University,Alabama State University,Away,21,27,-6,6,Loss,15725,92,340,111,22,89,28,3.0,13,8,Alabama State University,nonconference,2014,21.0,27.0,-6.0,6.0,15725.0,92.0,340.0,111.0,22.0,28.0,3.0,13.0,8.0
128,2014-09-13,Memphis,TN,35,7,Jackson State University,Tennessee State University,Away,35,7,28,28,Win,46914,137,187,29,40,54,40,7.0,33,8,Jackson State University,nonconference,2014,35.0,7.0,28.0,28.0,16985.230366492146,137.0,187.0,29.0,40.0,40.0,2.089005235602094,33.0,8.0
129,2014-09-20,Nashville,TN,10,7,Tennessee Tech University,Tennessee State University,Home,10,7,3,3,Win,9217,92,113,0,15,48,31,6.0,28,9,Tennessee Tech University,conference,2014,10.0,7.0,3.0,3.0,9217.0,92.0,113.0,0.0,15.0,31.0,6.0,28.0,9.0
130,2014-09-27,Nashville,TN,27,7,Florida A&M University,Tennessee State University,Home,27,7,20,20,Win,29225,125,153,24,56,64,51,7.0,44,7,Florida A&M University,nonconference,2014,27.0,7.0,20.0,20.0,29225.0,125.0,153.0,24.0,56.0,51.0,2.089005235602094,13.534031413612565,7.0
131,2014-10-04,Cape Girardeau,MO,28,21,Tennessee State University,Southeast Missouri State University,Away,21,28,-7,7,Loss,8089,143,362,53,24,81,9,0.0,0,5,Southeast Missouri State University,conference,2014,21.0,28.0,-7.0,7.0,8089.0,143.0,362.0,53.0,24.0,9.0,0.0,0.0,5.0
132,2014-10-11,Nashville,TN,27,20,Tennessee State University,Jacksonville State University,Home,20,27,-7,7,Loss,5849,43,364,63,12,75,21,2.0,13,3,Jacksonville State University,conference,2014,20.0,27.0,-7.0,7.0,5849.0,43.0,364.0,63.0,12.0,21.0,2.0,13.0,3.0
133,2014-10-18,Nashville,TN,21,16,Tennessee State University,University of Tennessee Martin,Home,16,21,-5,5,Loss,6738,53,314,32,-1,73,48,3.0,22,8,University of Tennessee Martin,conference,2014,16.0,21.0,-5.0,5.0,6738.0,53.0,314.0,32.0,-1.0,48.0,3.0,22.0,8.0
134,2014-10-25,Charleston,IL,28,3,Tennessee State University,Eastern Illinois University,Away,3,28,-25,25,Loss,8289,107,180,136,1,54,17,1.0,9,6,Eastern Illinois University,conference,2014,3.0,28.0,-25.0,25.0,8289.0,107.0,180.0,136.0,1.0,17.0,1.0,9.0,6.0
135,2014-11-01,Nashville,TN,56,42,Tennessee State University,Eastern Kentucky University,Home,42,56,-14,14,Loss,5052,105,326,198,0,84,19,2.0,4,5,Eastern Kentucky University,conference,2014,42.0,56.0,-14.0,14.0,5052.0,105.0,326.0,198.0,0.0,19.0,2.0,4.0,5.0
136,2014-11-08,Clarksville,TN,31,27,Austin Peay State University,Tennessee State University,Away,31,27,4,4,Win,6143,111,395,58,-2,85,29,2.0,15,0,Austin Peay State University,conference,2014,31.0,27.0,4.0,4.0,6143.0,111.0,395.0,58.0,-2.0,29.0,2.0,15.0,5.162303664921466
137,2014-11-22,Murray,KY,48,33,Murray State University,Tennessee State University,Away,48,33,15,15,Win,1962,114,463,48,0,81,63,8.0,51,6,Murray State University,conference,2014,48.0,33.0,15.0,15.0,1962.0,114.0,210.36125654450262,48.0,0.0,25.350785340314136,2.089005235602094,13.534031413612565,6.0
138,2015-09-06,Nashville,TN,24,14,Alabama State University,Tennessee State University,Home,24,14,10,10,Win,22455,142,188,58,38,47,21,1.0,12,5,Alabama State University,nonconference,2015,24.0,14.0,10.0,10.0,22455.0,142.0,188.0,58.0,38.0,21.0,1.0,12.0,5.0
139,2015-09-12,Memphis,TN,35,25,Jackson State University,Tennessee State University,Away,35,25,10,10,Win,48385,110,304,152,48,83,38,5.0,31,5,Jackson State University,nonconference,2015,35.0,25.0,10.0,10.0,16985.230366492146,110.0,304.0,152.0,48.0,38.0,5.0,31.0,5.0
140,2015-09-19,Jacksonville,AL,48,13,Tennessee State University,Jacksonville State University,Away,13,48,-35,35,Loss,23413,24,184,102,0,83,4,0.0,0,7,Jacksonville State University,conference,2015,13.0,48.0,-35.0,35.0,23413.0,24.0,184.0,102.0,0.0,4.0,0.0,0.0,7.0
141,2015-09-26,Tallahassee,FL,30,14,Florida A&M University,Tennessee State University,Away,30,14,16,16,Win,18020,169,238,46,15,68,44,4.0,22,8,Florida A&M University,nonconference,2015,30.0,14.0,16.0,16.0,18020.0,169.0,238.0,46.0,15.0,44.0,4.0,22.0,8.0
142,2015-10-10,Martin,TN,28,14,Tennessee State University,University of Tennessee Martin,Away,14,28,-14,14,Loss,7123,85,205,40,4,71,7,0.0,0,6,University of Tennessee Martin,conference,2015,14.0,28.0,-14.0,14.0,7123.0,85.0,205.0,40.0,4.0,7.0,0.0,0.0,6.0
143,2015-10-17,Nashville,TN,25,22,Tennessee State University,Eastern Illinois University,Home,22,25,-3,3,Loss,22144,162,125,22,22,60,12,0.0,0,7,Eastern Illinois University,conference,2015,22.0,25.0,-3.0,3.0,22144.0,162.0,125.0,22.0,22.0,12.0,0.0,0.0,7.0
144,2015-10-24,Richmond,KY,45,21,Tennessee State University,Eastern Kentucky University,Away,21,45,-24,24,Loss,9400,129,222,4,11,65,12,0.0,0,5,Eastern Kentucky University,conference,2015,21.0,45.0,-24.0,24.0,9400.0,129.0,222.0,4.0,11.0,12.0,0.0,0.0,5.0
145,2015-10-31,Nashville,TN,20,6,Austin Peay State University,Tennessee State University,Home,20,6,14,14,Win,5985,165,76,46,-2,62,7,0.0,0,7,Austin Peay State University,conference,2015,20.0,6.0,14.0,14.0,5985.0,165.0,76.0,46.0,-2.0,7.0,0.0,0.0,7.0
146,2015-11-07,Nashville,TN,46,43,Tennessee State University,Murray State University,Home,43,46,-3,3,Loss,7897,125,329,86,3,92,69,8.0,55,6,Murray State University,conference,2015,43.0,46.0,-3.0,3.0,7897.0,125.0,329.0,86.0,3.0,25.350785340314136,2.089005235602094,13.534031413612565,6.0
147,2015-11-21,Cookeville,TN,30,24,Tennessee State University,Tennessee Tech University,Away,24,30,-6,6,Loss,3924,123,221,61,9,53,28,3.0,25,5,Tennessee Tech University,conference,2015,24.0,30.0,-6.0,6.0,3924.0,123.0,221.0,61.0,9.0,28.0,3.0,25.0,5.0
148,2016-09-03,Nashville,TN,44,0,University of Arkansas Pine Bluff,Tennessee State University,Home,44,0,44,44,Win,15078,202,259,29,64,52,39,5.0,31,3,University of Arkansas Pine Bluff,nonconference,2016,44.0,0.0,-0.17801047120418848,44.0,15078.0,202.0,259.0,29.0,64.0,39.0,5.0,31.0,3.0
149,2016-09-10,Memphis,TN,40,26,Jackson State University,Tennessee State University,Away,40,26,14,14,Win,46263,121,273,96,11,61,40,3.0,21,6,Jackson State University,nonconference,2016,40.0,26.0,14.0,14.0,16985.230366492146,121.0,273.0,96.0,11.0,40.0,3.0,21.0,6.0
150,2016-09-17,Daytona Beach,FL,31,24,Bethune Cookman University,Tennessee State University,Away,31,24,7,7,Win,9385,210,184,122,23,52,17,1.0,1,5,Bethune Cookman University,nonconference,2016,31.0,24.0,7.0,7.0,9385.0,210.0,184.0,122.0,23.0,17.0,1.0,1.0,5.0
151,2016-10-01,Nashville,TN,34,30,University of Tennessee Martin,Tennessee State University,Home,34,30,4,4,Win,10001,141,223,80,0,63,28,2.0,12,1,University of Tennessee Martin,conference,2016,34.0,30.0,4.0,4.0,10001.0,141.0,223.0,80.0,0.0,28.0,2.0,12.0,1.0
152,2016-10-08,Charleston,IL,35,34,Tennessee State University,Eastern Illinois University,Away,34,35,-1,1,Loss,4319,76,303,113,0,75,6,1.0,3,5,Eastern Illinois University,conference,2016,34.0,35.0,-1.0,1.0,4319.0,76.0,303.0,113.0,0.0,6.0,1.0,3.0,5.0
153,2016-10-15,Nashville,TN,35,28,Eastern Kentucky University,Tennessee State University,Home,35,28,7,7,Win,21053,200,181,78,0,74,14,0.0,0,3,Eastern Kentucky University,conference,2016,35.0,28.0,7.0,7.0,21053.0,200.0,181.0,78.0,0.0,14.0,0.0,0.0,3.0
154,2016-10-22,Nashville,TN,35,17,Tennessee State University,Vanderbilt University,Home,17,35,-18,18,Loss,31084,125,285,59,0,65,6,1.0,5,3,Vanderbilt University,nonconference,2016,17.0,35.0,-18.0,18.0,31084.0,125.0,285.0,59.0,0.0,6.0,1.0,5.0,3.0
155,2016-10-29,Murray,KY,38,31,Tennessee State University,Murray State University,Away,31,38,-7,7,Loss,8605,226,329,142,10,74,20,2.0,14,2,Murray State University,conference,2016,31.0,38.0,-7.0,7.0,8605.0,226.0,329.0,142.0,10.0,20.0,2.0,14.0,2.0
156,2016-11-05,Clarksville,TN,41,40,Austin Peay State University,Tennessee State University,Away,41,40,1,1,Win,6041,246,212,86,14,90,24,2.0,13,5,Austin Peay State University,conference,2016,41.0,40.0,1.0,1.0,6041.0,246.0,212.0,86.0,14.0,24.0,2.0,13.0,5.0
157,2016-11-12,Nashville,TN,44,16,Tennessee State University,Tennessee Tech University,Home,16,44,-28,28,Loss,8981,93,202,93,17,53,2,1.0,0,3,Tennessee Tech University,conference,2016,16.0,44.0,-28.0,28.0,8981.0,93.0,202.0,93.0,17.0,2.0,1.0,0.0,3.0
158,2016-11-19,Cape Girardeau,MO,32,31,Southeast Missouri State University,Tennessee State University,Away,32,31,1,1,Win,3117,196,279,93,17,69,36,3.0,26,3,Southeast Missouri State University,conference,2016,32.0,31.0,1.0,1.0,3117.0,196.0,279.0,93.0,17.0,36.0,3.0,26.0,3.0
159,2017-08-31,Atlanta,GA,17,10,Georgia State University,Tennessee State University,Away,17,10,7,7,Win,24333,238,145,44,0,59,26,3.0,17,5,Georgia State University,nonconference,2017,17.0,10.0,7.0,7.0,24333.0,238.0,145.0,44.0,0.0,26.0,3.0,17.0,5.0
160,2017-09-09,Memphis,TN,17,15,Jackson State University,Tennessee State University,Away,17,15,2,2,Win,47407,160,78,49,41,76,21,4.0,18,6,Jackson State University,nonconference,2017,17.0,15.0,2.0,2.0,16985.230366492146,160.0,78.0,49.0,41.0,21.0,4.0,18.0,6.0
161,2017-09-17,Tampa,FL,24,13,Florida A&M University,Tennessee State University,Away,24,13,11,11,Win,17102,241,273,63,7,38,19,0.0,0,2,Florida A&M University,nonconference,2017,24.0,13.0,11.0,11.0,17102.0,241.0,273.0,63.0,7.0,19.0,0.0,0.0,2.0
162,2017-09-23,Martin,TN,31,16,Tennessee State University,University of Tennessee Martin,Away,16,31,-15,15,Loss,6484,100,159,160,3,77,21,1.0,5,6,University of Tennessee Martin,conference,2017,16.0,31.0,-15.0,15.0,6484.0,100.0,159.0,160.0,3.0,21.0,1.0,5.0,6.0
163,2017-09-30,Nashville,TN,19,16,Tennessee State University,Eastern Illinois University,Home,16,19,-3,3,Loss,11013,83,195,48,0,73,14,0.0,0,6,Eastern Illinois University,conference,2017,16.0,19.0,-3.0,3.0,11013.0,83.0,195.0,48.0,0.0,14.0,0.0,0.0,6.0
164,2017-10-07,Richmond,KY,45,21,Eastern Kentucky University,Tennessee State University,Away,45,21,24,24,Win,8410,193,106,25,-3,60,8,1.0,1,5,Eastern Kentucky University,conference,2017,45.0,21.0,24.0,24.0,8410.0,193.0,106.0,25.0,-3.0,8.0,1.0,1.0,5.0
165,2017-10-14,Nashville,TN,21,17,Tennessee State University,Austin Peay State University,Home,17,21,-4,4,Loss,21127,106,208,64,13,61,11,1.0,0,4,Austin Peay State University,conference,2017,17.0,21.0,-4.0,4.0,21127.0,106.0,208.0,64.0,13.0,11.0,1.0,0.0,4.0
166,2017-10-28,Cookeville,TN,30,26,Tennessee State University,Tennessee Tech University,Away,26,30,-4,4,Loss,5235,83,331,135,-2,62,28,1.0,9,4,Tennessee Tech University,conference,2017,26.0,30.0,-4.0,4.0,5235.0,83.0,331.0,135.0,-2.0,28.0,1.0,9.0,4.0
167,2017-11-04,Nashville,TN,60,0,Virginia University Lynchburg,Tennessee State University,Home,60,0,60,60,Win,7487,174,274,18,94,41,45,6.0,34,3,Virginia University Lynchburg,nonconference,2017,25.643979057591622,0.0,-0.17801047120418848,14.502617801047121,7487.0,174.0,274.0,18.0,18.75392670157068,45.0,6.0,34.0,3.0
168,2017-11-11,Nashville,TN,23,20,Southeast Missouri State University,Tennessee State University,Home,23,20,3,3,Win,8693,147,196,103,29,57,14,1.0,5,4,Southeast Missouri State University,conference,2017,23.0,20.0,3.0,3.0,8693.0,147.0,196.0,103.0,29.0,14.0,1.0,5.0,4.0
169,2017-11-16,Jacksonville,AL,36,6,Tennessee State University,Jacksonville State University,Away,6,36,-30,30,Loss,18782,15,82,140,1,71,18,1.0,9,11,Jacksonville State University,conference,2017,6.0,36.0,-30.0,30.0,18782.0,15.0,82.0,140.0,1.0,18.0,1.0,9.0,5.162303664921466
170,2018-09-01,Nashville,TN,34,3,Bethune Cookman University,Tennessee State University,Home,34,3,31,31,Win,14069,201,324,49,64,54,43,5.0,35,6,Bethune Cookman University,nonconference,2018,34.0,3.0,31.0,31.0,14069.0,201.0,324.0,49.0,64.0,43.0,5.0,35.0,6.0
171,2018-09-22,Charleston,IL,41,40,Eastern Illinois University,Tennessee State University,Away,41,40,1,1,Win,7670,195,349,150,51,63,30,2.0,15,4,Eastern Illinois University,conference,2018,41.0,40.0,1.0,1.0,7670.0,195.0,349.0,150.0,51.0,30.0,2.0,15.0,4.0
172,2018-09-29,Nashville,TN,31,27,Tennessee State University,Vanderbilt University,Home,27,31,-4,4,Loss,27340,104,269,105,3,69,5,0.0,0,4,Vanderbilt University,nonconference,2018,27.0,31.0,-4.0,4.0,27340.0,104.0,269.0,105.0,3.0,5.0,0.0,0.0,4.0
173,2018-10-06,Clarksville,TN,49,34,Tennessee State University,Austin Peay State University,Away,34,49,-15,15,Loss,12201,164,325,134,34,77,19,0.0,0,4,Austin Peay State University,conference,2018,34.0,49.0,-15.0,15.0,12201.0,164.0,325.0,134.0,34.0,19.0,0.0,0.0,4.0
174,2018-10-13,Murray,KY,45,21,Tennessee State University,Murray State University,Away,21,45,-24,24,Loss,3318,63,307,140,-1,74,19,1.0,7,5,Murray State University,conference,2018,21.0,45.0,-24.0,24.0,3318.0,63.0,307.0,140.0,-1.0,19.0,1.0,7.0,5.0
175,2018-10-20,Nashville,TN,41,14,Tennessee Tech University,Tennessee State University,Home,41,14,27,27,Win,17283,149,323,48,14,77,28,4.0,21,4,Tennessee Tech University,conference,2018,41.0,14.0,27.0,27.0,17283.0,149.0,323.0,48.0,14.0,28.0,4.0,21.0,4.0
176,2018-11-03,Cape Girardeau,MO,38,21,Tennessee State University,Southeast Missouri State University,Away,21,38,-17,17,Loss,3481,253,255,78,0,65,28,2.0,14,3,Southeast Missouri State University,conference,2018,21.0,38.0,-17.0,17.0,3481.0,253.0,255.0,78.0,0.0,28.0,2.0,14.0,3.0
177,2018-11-10,Nashville,TN,41,14,Tennessee State University,Jacksonville State University,Home,14,41,-27,27,Loss,6718,178,164,36,0,60,27,2.0,19,5,Jacksonville State University,conference,2018,14.0,41.0,-27.0,27.0,6718.0,178.0,164.0,36.0,0.0,27.0,2.0,19.0,5.0
178,2018-11-17,Nashville,TN,31,28,University of Tennessee Martin,Tennessee State University,Home,31,28,3,3,Win,3618,89,170,63,29,64,38,2.0,18,7,University of Tennessee Martin,conference,2018,31.0,28.0,3.0,3.0,3618.0,89.0,170.0,63.0,29.0,38.0,2.0,18.0,7.0
179,2019-08-31,Nashville,TN,26,20,Mississippi Valley State University,Tennessee State University,Home,26,20,6,6,Win,13458,117,330,13,61,58,3,0.0,0,6,Mississippi Valley State University,nonconference,2019,26.0,20.0,6.0,6.0,13458.0,117.0,330.0,13.0,61.0,3.0,0.0,0.0,6.0
180,2019-09-07,Murfreesboro,TN,45,26,Tennessee State University,Middle Tennessee State University,Away,26,45,-19,19,Loss,20912,207,259,108,0,49,13,1.0,7,5,Middle Tennessee State University,nonconference,2019,26.0,45.0,-19.0,19.0,20912.0,207.0,259.0,108.0,0.0,13.0,1.0,7.0,5.0
181,2019-09-14,Memphis,TN,49,44,Tennessee State University,Jackson State University,Away,44,49,-5,5,Loss,48347,141,389,155,0,55,19,1.0,8,3,Jackson State University,nonconference,2019,44.0,49.0,-5.0,5.0,16985.230366492146,141.0,389.0,155.0,0.0,19.0,1.0,8.0,3.0
182,2019-09-21,Nashville,TN,37,31,Tennessee State University,University of Arkansas Pine Bluff,Home,31,37,-6,6,Loss,8683,71,334,74,15,65,13,1.0,3,6,University of Arkansas Pine Bluff,nonconference,2019,31.0,37.0,-6.0,6.0,8683.0,71.0,334.0,74.0,15.0,13.0,1.0,3.0,6.0
183,2019-09-28,Richmond,KY,42,16,Tennessee State University,Eastern Kentucky University,Away,16,42,-26,26,Loss,8861,112,270,38,7,74,11,1.0,5,5,Eastern Kentucky University,conference,2019,16.0,42.0,-26.0,26.0,8861.0,112.0,270.0,38.0,7.0,11.0,1.0,5.0,5.0
184,2019-10-05,Jacksonville,AL,31,23,Tennessee State University,Jacksonville State University,Away,23,31,-8,8,Loss,16589,230,240,56,0,75,13,1.0,7,3,Jacksonville State University,conference,2019,23.0,31.0,-8.0,8.0,16589.0,230.0,240.0,56.0,0.0,13.0,1.0,7.0,3.0
185,2019-10-12,Nashville,TN,31,17,Tennessee State University,Murray State University,Home,17,31,-14,14,Loss,5324,108,312,55,8,67,21,1.0,7,3,Murray State University,conference,2019,17.0,31.0,-14.0,14.0,5324.0,108.0,312.0,55.0,8.0,21.0,1.0,7.0,3.0
186,2019-10-19,Nashville,TN,26,24,Austin Peay State University,Tennessee State University,Home,26,24,2,2,Win,16389,116,220,66,0,60,11,1.0,0,6,Austin Peay State University,conference,2019,26.0,24.0,2.0,2.0,16389.0,116.0,220.0,66.0,0.0,11.0,1.0,0.0,6.0
187,2019-11-02,Nashville,TN,32,13,Tennessee State University,Southeast Missouri State University,Home,13,32,-19,19,Loss,4738,83,217,113,13,62,17,2.0,8,4,Southeast Missouri State University,conference,2019,13.0,32.0,-19.0,19.0,4738.0,83.0,217.0,113.0,13.0,17.0,2.0,8.0,4.0
188,2019-11-09,Nashville,TN,49,38,Tennessee State University,Eastern Illinois University,Home,38,49,-11,11,Loss,4131,97,209,162,62,63,46,2.0,21,3,Eastern Illinois University,conference,2019,38.0,49.0,-11.0,11.0,4131.0,97.0,209.0,162.0,62.0,46.0,2.0,21.0,3.0
189,2019-11-16,Martin,TN,28,17,Tennessee State University,University of Tennessee Martin,Away,17,28,-11,11,Loss,1776,193,123,105,6,67,26,2.0,12,6,University of Tennessee Martin,conference,2019,17.0,28.0,-11.0,11.0,1776.0,193.0,123.0,105.0,6.0,26.0,2.0,12.0,6.0
190,2019-11-23,Cookeville,TN,37,27,Tennessee Tech University,Tennessee State University,Away,37,27,10,10,Win,2728,198,225,51,25,79,22,2.0,14,4,Tennessee Tech University,conference,2019,37.0,27.0,10.0,10.0,2728.0,198.0,225.0,51.0,25.0,22.0,2.0,14.0,4.0
